label	code	symbol
台泥	1101	1101.TW
亞泥	1102	1102.TW
嘉泥	1103	1103.TW
環泥	1104	1104.TW
幸福	1108	1108.TW
信大	1109	1109.TW
東泥	1110	1110.TW
味全	1201	1201.TW
味王	1203	1203.TW
大成	1210	1210.TW
大飲	1213	1213.TW
卜蜂	1215	1215.TW
統一	1216	1216.TW
愛之味	1217	1217.TW
泰山	1218	1218.TW
福壽	1219	1219.TW
台榮	1220	1220.TW
福懋油	1225	1225.TW
佳格	1227	1227.TW
聯華	1229	1229.TW
聯華食	1231	1231.TW
大統益	1232	1232.TW
天仁	1233	1233.TW
黑松	1234	1234.TW
興泰	1235	1235.TW
宏亞	1236	1236.TW
鮮活果汁-KY	1256	1256.TW
台塑	1301	1301.TW
南亞	1303	1303.TW
台聚	1304	1304.TW
華夏	1305	1305.TW
三芳	1307	1307.TW
亞聚	1308	1308.TW
台達化	1309	1309.TW
台苯	1310	1310.TW
國喬	1312	1312.TW
聯成	1313	1313.TW
中石化	1314	1314.TW
達新	1315	1315.TW
上曜	1316	1316.TW
東陽	1319	1319.TW
大洋	1321	1321.TW
永裕	1323	1323.TW
地球	1324	1324.TW
恆大	1325	1325.TW
台化	1326	1326.TW
再生-KY	1337	1337.TW
廣華-KY	1338	1338.TW
昭輝	1339	1339.TW
勝悅-KY	1340	1340.TW
富林-KY	1341	1341.TW
八貫	1342	1342.TW
遠東新	1402	1402.TW
新纖	1409	1409.TW
南染	1410	1410.TW
宏洲	1413	1413.TW
東和	1414	1414.TW
廣豐	1416	1416.TW
嘉裕	1417	1417.TW
東華	1418	1418.TW
新紡	1419	1419.TW
利華	1423	1423.TW
大魯閣	1432	1432.TW
福懋	1434	1434.TW
中福	1435	1435.TW
華友聯	1436	1436.TW
勤益控	1437	1437.TW
三地開發	1438	1438.TW
雋揚	1439	1439.TW
南紡	1440	1440.TW
大東	1441	1441.TW
名軒	1442	1442.TW
立益物流	1443	1443.TW
力麗	1444	1444.TW
大宇	1445	1445.TW
宏和	1446	1446.TW
力鵬	1447	1447.TW
佳和	1449	1449.TW
年興	1451	1451.TW
宏益	1452	1452.TW
大將	1453	1453.TW
台富	1454	1454.TW
集盛	1455	1455.TW
怡華	1456	1456.TW
宜進	1457	1457.TW
聯發	1459	1459.TW
宏遠	1460	1460.TW
強盛新	1463	1463.TW
得力	1464	1464.TW
偉全	1465	1465.TW
聚隆	1466	1466.TW
南緯	1467	1467.TW
昶和	1468	1468.TW
大統新創	1470	1470.TW
首利	1471	1471.TW
三洋實業	1472	1472.TW
台南	1473	1473.TW
弘裕	1474	1474.TW
業旺	1475	1475.TW
儒鴻	1476	1476.TW
聚陽	1477	1477.TW
士電	1503	1503.TW
東元	1504	1504.TW
正道	1506	1506.TW
瑞利	1512	1512.TW
中興電	1513	1513.TW
亞力	1514	1514.TW
力山	1515	1515.TW
川飛	1516	1516.TW
利奇	1517	1517.TW
華城	1519	1519.TW
大億	1521	1521.TW
堤維西	1522	1522.TW
耿鼎	1524	1524.TW
江申	1525	1525.TW
日馳	1526	1526.TW
鑽全	1527	1527.TW
恩德	1528	1528.TW
樂事綠能	1529	1529.TW
亞崴	1530	1530.TW
高林股	1531	1531.TW
勤美	1532	1532.TW
車王電	1533	1533.TW
中宇	1535	1535.TW
和大	1536	1536.TW
廣隆	1537	1537.TW
正峰	1538	1538.TW
巨庭	1539	1539.TW
喬福	1540	1540.TW
錩泰	1541	1541.TW
伸興	1558	1558.TW
中砂	1560	1560.TW
巧新	1563	1563.TW
倉佑	1568	1568.TW
信錦	1582	1582.TW
程泰	1583	1583.TW
吉茂	1587	1587.TW
永冠-KY	1589	1589.TW
亞德客-KY	1590	1590.TW
直得	1597	1597.TW
岱宇	1598	1598.TW
華電	1603	1603.TW
聲寶	1604	1604.TW
華新	1605	1605.TW
華榮	1608	1608.TW
大亞	1609	1609.TW
中電	1611	1611.TW
宏泰	1612	1612.TW
三洋電	1614	1614.TW
大山	1615	1615.TW
億泰	1616	1616.TW
榮星	1617	1617.TW
合機	1618	1618.TW
大東電	1623	1623.TW
艾美特-KY	1626	1626.TW
南僑	1702	1702.TW
葡萄王	1707	1707.TW
東鹼	1708	1708.TW
和益	1709	1709.TW
東聯	1710	1710.TW
永光	1711	1711.TW
興農	1712	1712.TW
國化	1713	1713.TW
和桐	1714	1714.TW
長興	1717	1717.TW
中纖	1718	1718.TW
生達	1720	1720.TW
三晃	1721	1721.TW
台肥	1722	1722.TW
中碳	1723	1723.TW
元禎	1725	1725.TW
永記	1726	1726.TW
中華化	1727	1727.TW
花仙子	1730	1730.TW
美吾華	1731	1731.TW
毛寶	1732	1732.TW
五鼎	1733	1733.TW
杏輝	1734	1734.TW
日勝化	1735	1735.TW
喬山	1736	1736.TW
臺鹽	1737	1737.TW
南光	1752	1752.TW
寶齡富錦	1760	1760.TW
中化生	1762	1762.TW
勝一	1773	1773.TW
展宇	1776	1776.TW
和康生	1783	1783.TW
科妍	1786	1786.TW
神隆	1789	1789.TW
美時	1795	1795.TW
台玻	1802	1802.TW
寶徠	1805	1805.TW
冠軍	1806	1806.TW
潤隆	1808	1808.TW
中釉	1809	1809.TW
和成	1810	1810.TW
凱撒衛	1817	1817.TW
士紙	1903	1903.TW
正隆	1904	1904.TW
華紙	1905	1905.TW
寶隆	1906	1906.TW
永豐餘	1907	1907.TW
榮成	1909	1909.TW
中鋼	2002	2002.TW
東和鋼鐵	2006	2006.TW
燁興	2007	2007.TW
高興昌	2008	2008.TW
第一銅	2009	2009.TW
春源	2010	2010.TW
春雨	2012	2012.TW
中鋼構	2013	2013.TW
中鴻	2014	2014.TW
豐興	2015	2015.TW
官田鋼	2017	2017.TW
美亞	2020	2020.TW
聚亨	2022	2022.TW
燁輝	2023	2023.TW
志聯	2024	2024.TW
千興	2025	2025.TW
大成鋼	2027	2027.TW
威致	2028	2028.TW
盛餘	2029	2029.TW
彰源	2030	2030.TW
新光鋼	2031	2031.TW
新鋼	2032	2032.TW
佳大	2033	2033.TW
允強	2034	2034.TW
海光	2038	2038.TW
上銀	2049	2049.TW
川湖	2059	2059.TW
橋椿	2062	2062.TW
運錩	2069	2069.TW
南港	2101	2101.TW
泰豐	2102	2102.TW
台橡	2103	2103.TW
國際中橡	2104	2104.TW
正新	2105	2105.TW
建大	2106	2106.TW
厚生	2107	2107.TW
南帝	2108	2108.TW
華豐	2109	2109.TW
鑫永銓	2114	2114.TW
六暉-KY	2115	2115.TW
裕隆	2201	2201.TW
中華	2204	2204.TW
三陽工業	2206	2206.TW
和泰車	2207	2207.TW
台船	2208	2208.TW
長榮鋼	2211	2211.TW
裕日車	2227	2227.TW
劍麟	2228	2228.TW
為升	2231	2231.TW
宇隆	2233	2233.TW
百達-KY	2236	2236.TW
英利-KY	2239	2239.TW
艾姆勒	2241	2241.TW
宏旭-KY	2243	2243.TW
汎德永業	2247	2247.TW
華勝-KY	2248	2248.TW
IKKA-KY	2250	2250.TW
巨鎧精密-創	2254	2254.TW
鴻華先進-創	2258	2258.TW
光寶科	2301	2301.TW
麗正	2302	2302.TW
聯電	2303	2303.TW
全友	2305	2305.TW
台達電	2308	2308.TW
金寶	2312	2312.TW
華通	2313	2313.TW
台揚	2314	2314.TW
楠梓電	2316	2316.TW
鴻海	2317	2317.TW
東訊	2321	2321.TW
中環	2323	2323.TW
仁寶	2324	2324.TW
國巨*	2327	2327.TW
廣宇	2328	2328.TW
華泰	2329	2329.TW
台積電	2330	2330.TW
精英	2331	2331.TW
友訊	2332	2332.TW
旺宏	2337	2337.TW
光罩	2338	2338.TW
台亞	2340	2340.TW
茂矽	2342	2342.TW
華邦電	2344	2344.TW
智邦	2345	2345.TW
聯強	2347	2347.TW
海悅	2348	2348.TW
錸德	2349	2349.TW
順德	2351	2351.TW
佳世達	2352	2352.TW
宏碁	2353	2353.TW
鴻準	2354	2354.TW
敬鵬	2355	2355.TW
英業達	2356	2356.TW
華碩	2357	2357.TW
所羅門	2359	2359.TW
致茂	2360	2360.TW
藍天	2362	2362.TW
矽統	2363	2363.TW
倫飛	2364	2364.TW
昆盈	2365	2365.TW
燿華	2367	2367.TW
金像電	2368	2368.TW
菱生	2369	2369.TW
大同	2371	2371.TW
震旦行	2373	2373.TW
佳能	2374	2374.TW
凱美	2375	2375.TW
技嘉	2376	2376.TW
微星	2377	2377.TW
瑞昱	2379	2379.TW
虹光	2380	2380.TW
廣達	2382	2382.TW
台光電	2383	2383.TW
群光	2385	2385.TW
精元	2387	2387.TW
威盛	2388	2388.TW
云辰	2390	2390.TW
正崴	2392	2392.TW
億光	2393	2393.TW
研華	2395	2395.TW
友通	2397	2397.TW
映泰	2399	2399.TW
凌陽	2401	2401.TW
毅嘉	2402	2402.TW
漢唐	2404	2404.TW
輔信	2405	2405.TW
國碩	2406	2406.TW
南亞科	2408	2408.TW
友達	2409	2409.TW
中華電	2412	2412.TW
環科	2413	2413.TW
精技	2414	2414.TW
錩新	2415	2415.TW
圓剛	2417	2417.TW
仲琦	2419	2419.TW
新巨	2420	2420.TW
建準	2421	2421.TW
固緯	2423	2423.TW
隴華	2424	2424.TW
承啟	2425	2425.TW
鼎元	2426	2426.TW
三商電	2427	2427.TW
興勤	2428	2428.TW
銘旺科	2429	2429.TW
燦坤	2430	2430.TW
聯昌	2431	2431.TW
倚天酷碁-創	2432	2432.TW
互盛電	2433	2433.TW
統懋	2434	2434.TW
偉詮電	2436	2436.TW
翔耀	2438	2438.TW
美律	2439	2439.TW
太空梭	2440	2440.TW
超豐	2441	2441.TW
新美齊	2442	2442.TW
兆勁	2444	2444.TW
京元電子	2449	2449.TW
神腦	2450	2450.TW
創見	2451	2451.TW
凌群	2453	2453.TW
聯發科	2454	2454.TW
全新	2455	2455.TW
飛宏	2457	2457.TW
義隆	2458	2458.TW
敦吉	2459	2459.TW
建通	2460	2460.TW
光群雷	2461	2461.TW
良得電	2462	2462.TW
盟立	2464	2464.TW
麗臺	2465	2465.TW
冠西電	2466	2466.TW
志聖	2467	2467.TW
華經	2468	2468.TW
資通	2471	2471.TW
立隆電	2472	2472.TW
可成	2474	2474.TW
鉅祥	2476	2476.TW
美隆電	2477	2477.TW
大毅	2478	2478.TW
敦陽科	2480	2480.TW
強茂	2481	2481.TW
連宇	2482	2482.TW
百容	2483	2483.TW
希華	2484	2484.TW
兆赫	2485	2485.TW
一詮	2486	2486.TW
漢平	2488	2488.TW
瑞軒	2489	2489.TW
吉祥全	2491	2491.TW
華新科	2492	2492.TW
揚博	2493	2493.TW
普安	2495	2495.TW
卓越	2496	2496.TW
怡利電	2497	2497.TW
宏達電	2498	2498.TW
國建	2501	2501.TW
國產	2504	2504.TW
國揚	2505	2505.TW
太設	2506	2506.TW
全坤建	2509	2509.TW
太子	2511	2511.TW
龍邦	2514	2514.TW
中工	2515	2515.TW
新建	2516	2516.TW
冠德	2520	2520.TW
京城	2524	2524.TW
宏璟	2527	2527.TW
皇普	2528	2528.TW
華建	2530	2530.TW
宏盛	2534	2534.TW
達欣工	2535	2535.TW
宏普	2536	2536.TW
聯上發	2537	2537.TW
基泰	2538	2538.TW
櫻花建	2539	2539.TW
愛山林	2540	2540.TW
興富發	2542	2542.TW
皇昌	2543	2543.TW
皇翔	2545	2545.TW
根基	2546	2546.TW
日勝生	2547	2547.TW
華固	2548	2548.TW
潤弘	2597	2597.TW
益航	2601	2601.TW
長榮	2603	2603.TW
新興	2605	2605.TW
裕民	2606	2606.TW
榮運	2607	2607.TW
嘉里大榮	2608	2608.TW
陽明	2609	2609.TW
華航	2610	2610.TW
志信	2611	2611.TW
中航	2612	2612.TW
中櫃	2613	2613.TW
東森	2614	2614.TW
萬海	2615	2615.TW
山隆	2616	2616.TW
台航	2617	2617.TW
長榮航	2618	2618.TW
亞航	2630	2630.TW
台灣高鐵	2633	2633.TW
漢翔	2634	2634.TW
台驊控股	2636	2636.TW
慧洋-KY	2637	2637.TW
宅配通	2642	2642.TW
長榮航太	2645	2645.TW
星宇航空	2646	2646.TW
萬企	2701	2701.TW
華園	2702	2702.TW
國賓	2704	2704.TW
六福	2705	2705.TW
第一店	2706	2706.TW
晶華	2707	2707.TW
遠雄來	2712	2712.TW
夏都	2722	2722.TW
美食-KY	2723	2723.TW
王品	2727	2727.TW
雄獅	2731	2731.TW
寒舍	2739	2739.TW
雲品	2748	2748.TW
八方雲集	2753	2753.TW
世界健身-KY	2762	2762.TW
彰銀	2801	2801.TW
台中銀	2812	2812.TW
旺旺保	2816	2816.TW
華票	2820	2820.TW
台產	2832	2832.TW
臺企銀	2834	2834.TW
高雄銀	2836	2836.TW
聯邦銀	2838	2838.TW
遠東銀	2845	2845.TW
安泰銀	2849	2849.TW
新產	2850	2850.TW
中再保	2851	2851.TW
第一保	2852	2852.TW
統一證	2855	2855.TW
三商壽	2867	2867.TW
華南金	2880	2880.TW
富邦金	2881	2881.TW
國泰金	2882	2882.TW
凱基金	2883	2883.TW
玉山金	2884	2884.TW
元大金	2885	2885.TW
兆豐金	2886	2886.TW
台新新光金	2887	2887.TW
國票金	2889	2889.TW
永豐金	2890	2890.TW
中信金	2891	2891.TW
第一金	2892	2892.TW
王道銀行	2897	2897.TW
欣欣	2901	2901.TW
遠百	2903	2903.TW
匯僑	2904	2904.TW
三商	2905	2905.TW
高林	2906	2906.TW
特力	2908	2908.TW
統領	2910	2910.TW
麗嬰房	2911	2911.TW
統一超	2912	2912.TW
農林	2913	2913.TW
潤泰全	2915	2915.TW
鼎固-KY	2923	2923.TW
淘帝-KY	2929	2929.TW
永邑-KY	2939	2939.TW
三商家購	2945	2945.TW
歐格	3002	3002.TW
健和興	3003	3003.TW
豐達科	3004	3004.TW
神基	3005	3005.TW
晶豪科	3006	3006.TW
大立光	3008	3008.TW
華立	3010	3010.TW
今皓	3011	3011.TW
晟銘電	3013	3013.TW
聯陽	3014	3014.TW
全漢	3015	3015.TW
嘉晶	3016	3016.TW
奇鋐	3017	3017.TW
隆銘綠能	3018	3018.TW
亞光	3019	3019.TW
鴻名	3021	3021.TW
威強電	3022	3022.TW
信邦	3023	3023.TW
憶聲	3024	3024.TW
星通	3025	3025.TW
禾伸堂	3026	3026.TW
盛達	3027	3027.TW
增你強	3028	3028.TW
零壹	3029	3029.TW
德律	3030	3030.TW
佰鴻	3031	3031.TW
偉訓	3032	3032.TW
威健	3033	3033.TW
聯詠	3034	3034.TW
智原	3035	3035.TW
文曄	3036	3036.TW
欣興	3037	3037.TW
全台	3038	3038.TW
遠見	3040	3040.TW
揚智	3041	3041.TW
晶技	3042	3042.TW
科風	3043	3043.TW
健鼎	3044	3044.TW
台灣大	3045	3045.TW
建碁	3046	3046.TW
訊舟	3047	3047.TW
益登	3048	3048.TW
精金	3049	3049.TW
鈺德	3050	3050.TW
力特	3051	3051.TW
夆典	3052	3052.TW
立萬利	3054	3054.TW
蔚華科	3055	3055.TW
富華新	3056	3056.TW
喬鼎	3057	3057.TW
立德	3058	3058.TW
華晶科	3059	3059.TW
銘異	3060	3060.TW
建漢	3062	3062.TW
日電貿	3090	3090.TW
鴻碩	3092	3092.TW
聯傑	3094	3094.TW
一零四	3130	3130.TW
凌航	3135	3135.TW
耀登	3138	3138.TW
正達	3149	3149.TW
鈺寶-創	3150	3150.TW
景岳	3164	3164.TW
大量	3167	3167.TW
眾福科	3168	3168.TW
景碩	3189	3189.TW
全科	3209	3209.TW
晟鈦	3229	3229.TW
緯創	3231	3231.TW
虹冠電	3257	3257.TW
昇陽	3266	3266.TW
勝德	3296	3296.TW
昇貿	3305	3305.TW
聯德	3308	3308.TW
閎暉	3311	3311.TW
弘憶股	3312	3312.TW
同泰	3321	3321.TW
泰碩	3338	3338.TW
麗清	3346	3346.TW
奇偶	3356	3356.TW
新日興	3376	3376.TW
明泰	3380	3380.TW
玉晶光	3406	3406.TW
京鼎	3413	3413.TW
融程電	3416	3416.TW
譁裕	3419	3419.TW
台端	3432	3432.TW
榮創	3437	3437.TW
創意	3443	3443.TW
展達	3447	3447.TW
聯鈞	3450	3450.TW
晶睿	3454	3454.TW
群創	3481	3481.TW
誠研	3494	3494.TW
維熹	3501	3501.TW
揚明光	3504	3504.TW
華擎	3515	3515.TW
柏騰	3518	3518.TW
安馳	3528	3528.TW
晶相光	3530	3530.TW
台勝科	3532	3532.TW
嘉澤	3533	3533.TW
晶彩科	3535	3535.TW
州巧	3543	3543.TW
敦泰	3545	3545.TW
聯穎	3550	3550.TW
嘉威	3557	3557.TW
牧德	3563	3563.TW
聯合再生	3576	3576.TW
辛耘	3583	3583.TW
通嘉	3588	3588.TW
艾笛森	3591	3591.TW
瑞鼎	3592	3592.TW
力銘	3593	3593.TW
智易	3596	3596.TW
宏致	3605	3605.TW
谷崧	3607	3607.TW
碩天	3617	3617.TW
洋華	3622	3622.TW
達邁	3645	3645.TW
精聯	3652	3652.TW
健策	3653	3653.TW
世芯-KY	3661	3661.TW
貿聯-KY	3665	3665.TW
圓展	3669	3669.TW
TPK-KY	3673	3673.TW
新至陞	3679	3679.TW
達能	3686	3686.TW
海華	3694	3694.TW
大眾控	3701	3701.TW
大聯大	3702	3702.TW
欣陸	3703	3703.TW
合勤控	3704	3704.TW
永信	3705	3705.TW
神達	3706	3706.TW
上緯投控	3708	3708.TW
日月光投控	3711	3711.TW
永崴投控	3712	3712.TW
富采	3714	3714.TW
定穎投控	3715	3715.TW
中化控股	3716	3716.TW
聯嘉投控	3717	3717.TW
佳醫	4104	4104.TW
雃博	4106	4106.TW
懷特	4108	4108.TW
旭富	4119	4119.TW
亞諾法	4133	4133.TW
麗豐-KY	4137	4137.TW
國光生	4142	4142.TW
全宇生技-KY	4148	4148.TW
訊映	4155	4155.TW
承業醫	4164	4164.TW
佐登-KY	4190	4190.TW
炎洲	4306	4306.TW
如興	4414	4414.TW
利勤	4426	4426.TW
廣越	4438	4438.TW
冠星-KY	4439	4439.TW
宜新實業	4440	4440.TW
振大環球	4441	4441.TW
東台	4526	4526.TW
瑞智	4532	4532.TW
拓凱	4536	4536.TW
全球傳動	4540	4540.TW
銘鈺	4545	4545.TW
智伸科	4551	4551.TW
力達-KY	4552	4552.TW
氣立	4555	4555.TW
永新-KY	4557	4557.TW
強信-KY	4560	4560.TW
穎漢	4562	4562.TW
元翎	4564	4564.TW
時碩工業	4566	4566.TW
六方科-KY	4569	4569.TW
鈞興-KY	4571	4571.TW
駐龍	4572	4572.TW
大銀微系統	4576	4576.TW
光隆精密-KY	4581	4581.TW
台灣精銳	4583	4583.TW
達明	4585	4585.TW
玖鼎電力	4588	4588.TW
富田-創	4590	4590.TW
德淵	4720	4720.TW
國精化	4722	4722.TW
泰博	4736	4736.TW
華廣	4737	4737.TW
康普	4739	4739.TW
台耀	4746	4746.TW
三福化	4755	4755.TW
材料*-KY	4763	4763.TW
雙鍵	4764	4764.TW
南寶	4766	4766.TW
上品	4770	4770.TW
望隼	4771	4771.TW
日成-KY	4807	4807.TW
遠傳	4904	4904.TW
正文	4906	4906.TW
聯德控股-KY	4912	4912.TW
致伸	4915	4915.TW
事欣科	4916	4916.TW
新唐	4919	4919.TW
泰鼎-KY	4927	4927.TW
燦星網	4930	4930.TW
太極	4934	4934.TW
茂林-KY	4935	4935.TW
和碩	4938	4938.TW
嘉彰	4942	4942.TW
康控-KY	4943	4943.TW
有成精密	4949	4949.TW
凌通	4952	4952.TW
光鋐	4956	4956.TW
臻鼎-KY	4958	4958.TW
誠美材	4960	4960.TW
天鈺	4961	4961.TW
十銓	4967	4967.TW
立積	4968	4968.TW
佳凌	4976	4976.TW
眾達-KY	4977	4977.TW
榮科	4989	4989.TW
傳奇	4994	4994.TW
鑫禾	4999	4999.TW
三星	5007	5007.TW
訊連	5203	5203.TW
科嘉-KY	5215	5215.TW
全訊	5222	5222.TW
東科-KY	5225	5225.TW
達興材料	5234	5234.TW
乙盛-KY	5243	5243.TW
弘凱	5244	5244.TW
虹堡	5258	5258.TW
祥碩	5269	5269.TW
禾聯碩	5283	5283.TW
jpp-KY	5284	5284.TW
界霖	5285	5285.TW
豐祥-KY	5288	5288.TW
華懋	5292	5292.TW
桂盟	5306	5306.TW
中磊	5388	5388.TW
崇越	5434	5434.TW
瀚宇博	5469	5469.TW
松翰	5471	5471.TW
慧友	5484	5484.TW
建國	5515	5515.TW
隆大	5519	5519.TW
工信	5521	5521.TW
遠雄	5522	5522.TW
順天	5525	5525.TW
鄉林	5531	5531.TW
皇鼎	5533	5533.TW
長虹	5534	5534.TW
東明-KY	5538	5538.TW
永固-KY	5546	5546.TW
遠雄港	5607	5607.TW
四維航	5608	5608.TW
鳳凰	5706	5706.TW
中租-KY	5871	5871.TW
上海商銀	5876	5876.TW
合庫金	5880	5880.TW
台南-KY	5906	5906.TW
大洋-KY	5907	5907.TW
群益證	6005	6005.TW
群益期	6024	6024.TW
競國	6108	6108.TW
邁達特	6112	6112.TW
鎰勝	6115	6115.TW
彩晶	6116	6116.TW
迎廣	6117	6117.TW
達運	6120	6120.TW
上福	6128	6128.TW
金橋	6133	6133.TW
富爾特	6136	6136.TW
亞翔	6139	6139.TW
柏承	6141	6141.TW
友勁	6142	6142.TW
百一	6152	6152.TW
嘉聯益	6153	6153.TW
鈞寶	6155	6155.TW
華興	6164	6164.TW
浪凡	6165	6165.TW
凌華	6166	6166.TW
宏齊	6168	6168.TW
瑞儀	6176	6176.TW
達麗	6177	6177.TW
關貿	6183	6183.TW
大豐電	6184	6184.TW
豐藝	6189	6189.TW
精成科	6191	6191.TW
巨路	6192	6192.TW
帆宣	6196	6196.TW
佳必琪	6197	6197.TW
亞弘電	6201	6201.TW
盛群	6202	6202.TW
詮欣	6205	6205.TW
飛捷	6206	6206.TW
今國光	6209	6209.TW
聯茂	6213	6213.TW
精誠	6214	6214.TW
和椿	6215	6215.TW
居易	6216	6216.TW
聚鼎	6224	6224.TW
天瀚	6225	6225.TW
光鼎	6226	6226.TW
尼得科超眾	6230	6230.TW
華孚	6235	6235.TW
力成	6239	6239.TW
迅杰	6243	6243.TW
矽格	6257	6257.TW
台郡	6269	6269.TW
同欣電	6271	6271.TW
驊陞	6272	6272.TW
宏正	6277	6277.TW
台表科	6278	6278.TW
全國電	6281	6281.TW
康舒	6282	6282.TW
淳安	6283	6283.TW
啟碁	6285	6285.TW
悅城	6405	6405.TW
旭隼	6409	6409.TW
群電	6412	6412.TW
樺漢	6414	6414.TW
矽力*-KY	6415	6415.TW
瑞祺電通	6416	6416.TW
統新	6426	6426.TW
光麗-KY	6431	6431.TW
迅得	6438	6438.TW
光聖	6442	6442.TW
元晶	6443	6443.TW
藥華藥	6446	6446.TW
鈺邦	6449	6449.TW
訊芯-KY	6451	6451.TW
GIS-KY	6456	6456.TW
台數科	6464	6464.TW
保瑞	6472	6472.TW
安集	6477	6477.TW
晶碩	6491	6491.TW
南六	6504	6504.TW
台塑化	6505	6505.TW
穎崴	6515	6515.TW
捷敏-KY	6525	6525.TW
達發	6526	6526.TW
愛普*	6531	6531.TW
晶心科	6533	6533.TW
正瀚-創	6534	6534.TW
泰福-KY	6541	6541.TW
北極星藥業-KY	6550	6550.TW
易華電	6552	6552.TW
興能高	6558	6558.TW
虹揚-KY	6573	6573.TW
研揚	6579	6579.TW
鋼聯	6581	6581.TW
申豐	6582	6582.TW
鼎基	6585	6585.TW
台康生技	6589	6589.TW
動力-KY	6591	6591.TW
和潤企業	6592	6592.TW
ABC-KY	6598	6598.TW
帝寶	6605	6605.TW
建德工業	6606	6606.TW
資拓宏宇	6614	6614.TW
必應	6625	6625.TW
基士德-KY	6641	6641.TW
金萬林-創	6645	6645.TW
科定	6655	6655.TW
華安	6657	6657.TW
聯策	6658	6658.TW
羅麗芬-KY	6666	6666.TW
中揚光	6668	6668.TW
緯穎	6669	6669.TW
復盛應用	6670	6670.TW
三能-KY	6671	6671.TW
騰輝電子-KY	6672	6672.TW
鋐寶科技	6674	6674.TW
伊雲谷	6689	6689.TW
洋基工程	6691	6691.TW
芯鼎	6695	6695.TW
旭暉應材	6698	6698.TW
惠特	6706	6706.TW
嘉基	6715	6715.TW
力智	6719	6719.TW
輝創	6722	6722.TW
澤米	6742	6742.TW
安普新	6743	6743.TW
龍德造船	6753	6753.TW
匯僑設計	6754	6754.TW
威鋒電子	6756	6756.TW
台灣虎航	6757	6757.TW
志強-KY	6768	6768.TW
力積電	6770	6770.TW
平和環保-創	6771	6771.TW
展碁國際	6776	6776.TW
AES-KY	6781	6781.TW
視陽	6782	6782.TW
采鈺	6789	6789.TW
永豐實	6790	6790.TW
詠業	6792	6792.TW
向榮生技	6794	6794.TW
晉弘	6796	6796.TW
來頡	6799	6799.TW
富世達	6805	6805.TW
森崴能源	6806	6806.TW
峰源-KY	6807	6807.TW
汎銓	6830	6830.TW
邁科	6831	6831.TW
天二科技	6834	6834.TW
圓裕	6835	6835.TW
台新藥	6838	6838.TW
錼創科技-KY創	6854	6854.TW
睿生光電	6861	6861.TW
三集瑞-KY	6862	6862.TW
永道-KY	6863	6863.TW
雲豹能源	6869	6869.TW
泓德能源	6873	6873.TW
全福生技	6885	6885.TW
寶綠特-KY	6887	6887.TW
來億-KY	6890	6890.TW
鑽石投資	6901	6901.TW
GOGOLOOK	6902	6902.TW
現觀科	6906	6906.TW
創控	6909	6909.TW
阜爾運通	6914	6914.TW
華凌	6916	6916.TW
愛派司	6918	6918.TW
康霈*	6919	6919.TW
嘉雨思-創	6921	6921.TW
中台	6923	6923.TW
榮惠-KY創	6924	6924.TW
攸泰科技	6928	6928.TW
青松健康	6931	6931.TW
AMAX-KY	6933	6933.TW
心誠鎂	6934	6934.TW
永鴻生技	6936	6936.TW
天虹	6937	6937.TW
兆聯實業	6944	6944.TW
沛爾生醫-創	6949	6949.TW
青新-創	6951	6951.TW
大武山	6952	6952.TW
邦睿生技-創	6955	6955.TW
裕慶-KY	6957	6957.TW
日盛台駿	6958	6958.TW
奕力-KY	6962	6962.TW
中傑-KY	6965	6965.TW
成信實業*-創	6969	6969.TW
威力暘-創	6988	6988.TW
富威電力	6994	6994.TW
聯友金屬-創	7610	7610.TW
聚賢研發-創	7631	7631.TW
三商餐飲	7705	7705.TW
永擎	7711	7711.TW
微程式	7721	7721.TW
LINEPAY	7722	7722.TW
暉盛-創	7730	7730.TW
金興精密	7732	7732.TW
虎山	7736	7736.TW
熙特爾-創	7740	7740.TW
意騰-KY	7749	7749.TW
新代	7750	7750.TW
中華資安	7765	7765.TW
鴻勁	7769	7769.TW
大研生醫*	7780	7780.TW
東方風能	7786	7786.TW
松川精密	7788	7788.TW
皇家可口	7791	7791.TW
長廣	7795	7795.TW
禾榮科	7799	7799.TW
奧義賽博-KY創	7823	7823.TW
台通	8011	8011.TW
矽創	8016	8016.TW
尖點	8021	8021.TW
昇陽半導體	8028	8028.TW
雷虎	8033	8033.TW
台虹	8039	8039.TW
達運光電	8045	8045.TW
南電	8046	8046.TW
長華*	8070	8070.TW
陞泰	8072	8072.TW
致新	8081	8081.TW
華冠	8101	8101.TW
瀚荃	8103	8103.TW
錸寶	8104	8104.TW
凌巨	8105	8105.TW
華東	8110	8110.TW
至上	8112	8112.TW
振樺電	8114	8114.TW
福懋科	8131	8131.TW
南茂	8150	8150.TW
微矽電子-創	8162	8162.TW
達方	8163	8163.TW
無敵	8201	8201.TW
勤誠	8210	8210.TW
志超	8213	8213.TW
明基材	8215	8215.TW
寶一	8222	8222.TW
菱光	8249	8249.TW
富鼎	8261	8261.TW
宇瞻	8271	8271.TW
日友	8341	8341.TW
建新國際	8367	8367.TW
羅昇	8374	8374.TW
百和興業-KY	8404	8404.TW
福貞-KY	8411	8411.TW
可寧衛*	8422	8422.TW
金麗-KY	8429	8429.TW
昶昕	8438	8438.TW
威宏-KY	8442	8442.TW
阿瘦	8443	8443.TW
富邦媒	8454	8454.TW
柏文	8462	8462.TW
潤泰材	8463	8463.TW
億豐	8464	8464.TW
美吉吉-KY	8466	8466.TW
波力-KY	8467	8467.TW
山林水	8473	8473.TW
台境*	8476	8476.TW
東哥遊艇	8478	8478.TW
政伸	8481	8481.TW
商億-KY	8482	8482.TW
愛爾達-創	8487	8487.TW
吉源-KY	8488	8488.TW
鼎炫-KY	8499	8499.TW
台汽電	8926	8926.TW
新天地	8940	8940.TW
高力	8996	8996.TW
美德醫療-DR	9103	9103.TW
康師傅-DR	910322	910322.TW
泰金寶-DR	9105	9105.TW
神州-DR	910861	910861.TW
越南控-DR	9110	9110.TW
明輝-DR	911608	911608.TW
泰聚亨-DR	911622	911622.TW
同方友友-DR	911868	911868.TW
晨訊科-DR	912000	912000.TW
巨騰-DR	9136	9136.TW
鈺齊-KY	9802	9802.TW
台火	9902	9902.TW
寶成	9904	9904.TW
大華	9905	9905.TW
欣巴巴	9906	9906.TW
統一實	9907	9907.TW
大台北	9908	9908.TW
豐泰	9910	9910.TW
櫻花	9911	9911.TW
偉聯	9912	9912.TW
美利達	9914	9914.TW
中保科	9917	9917.TW
欣天然	9918	9918.TW
康那香	9919	9919.TW
巨大	9921	9921.TW
福興	9924	9924.TW
新保	9925	9925.TW
新海	9926	9926.TW
泰銘	9927	9927.TW
中視	9928	9928.TW
秋雨	9929	9929.TW
中聯資源	9930	9930.TW
欣高	9931	9931.TW
中鼎	9933	9933.TW
成霖	9934	9934.TW
慶豐富	9935	9935.TW
全國	9937	9937.TW
百和	9938	9938.TW
宏全	9939	9939.TW
信義	9940	9940.TW
裕融	9941	9941.TW
茂順	9942	9942.TW
好樂迪	9943	9943.TW
新麗	9944	9944.TW
潤泰新	9945	9945.TW
三發地產	9946	9946.TW
佳龍	9955	9955.TW
世紀鋼	9958	9958.TW
茂生農經	1240	1240.TWO
安心	1259	1259.TWO
德麥	1264	1264.TWO
漢來美食	1268	1268.TWO
漢田生技	1294	1294.TWO
生合	1295	1295.TWO
台翰	1336	1336.TWO
精華	1565	1565.TWO
濱川	1569	1569.TWO
力肯	1570	1570.TWO
新麥	1580	1580.TWO
精剛	1584	1584.TWO
和勤	1586	1586.TWO
駿吉-KY	1591	1591.TWO
祺驊	1593	1593.TWO
川寶	1595	1595.TWO
宏佳騰	1599	1599.TWO
台蠟	1742	1742.TWO
生泰	1777	1777.TWO
合世	1781	1781.TWO
訊聯	1784	1784.TWO
光洋科	1785	1785.TWO
杏昌	1788	1788.TWO
金穎生技	1796	1796.TWO
易威	1799	1799.TWO
寶利徠	1813	1813.TWO
富喬	1815	1815.TWO
唐榮公司	2035	2035.TWO
風青	2061	2061.TWO
世鎧精密	2063	2063.TWO
晉椿	2064	2064.TWO
世豐	2065	2065.TWO
世德	2066	2066.TWO
嘉鋼	2067	2067.TWO
精湛	2070	2070.TWO
雄順	2073	2073.TWO
大甲	2221	2221.TWO
泰茂	2230	2230.TWO
謚源	2235	2235.TWO
綠意	2596	2596.TWO
大車隊	2640	2640.TWO
正德	2641	2641.TWO
捷迅	2643	2643.TWO
全心投控	2718	2718.TWO
燦星旅	2719	2719.TWO
藝舍-KY	2724	2724.TWO
雅茗-KY	2726	2726.TWO
瓦城	2729	2729.TWO
六角	2732	2732.TWO
易飛網	2734	2734.TWO
富野	2736	2736.TWO
華軒	2740	2740.TWO
山富	2743	2743.TWO
五福	2745	2745.TWO
王座	2751	2751.TWO
豆府	2752	2752.TWO
亞洲藏壽司	2754	2754.TWO
揚秦	2755	2755.TWO
聯發國際	2756	2756.TWO
滿心	2916	2916.TWO
宏太-KY	2924	2924.TWO
誠品生活	2926	2926.TWO
集雅社	2937	2937.TWO
米斯特	2941	2941.TWO
振宇五金	2947	2947.TWO
寶陞	2948	2948.TWO
欣新網	2949	2949.TWO
泰偉	3064	3064.TWO
李洲	3066	3066.TWO
全域	3067	3067.TWO
協禧	3071	3071.TWO
天方能源	3073	3073.TWO
僑威	3078	3078.TWO
聯亞	3081	3081.TWO
網龍	3083	3083.TWO
新零售	3085	3085.TWO
華義	3086	3086.TWO
艾訊	3088	3088.TWO
港建*	3093	3093.TWO
及成	3095	3095.TWO
穩懋	3105	3105.TWO
好德	3114	3114.TWO
富榮綱	3115	3115.TWO
進階	3118	3118.TWO
笙泉	3122	3122.TWO
昇銳	3128	3128.TWO
弘塑	3131	3131.TWO
晶宏	3141	3141.TWO
大綜	3147	3147.TWO
璟德	3152	3152.TWO
嘉實	3158	3158.TWO
精確	3162	3162.TWO
波若威	3163	3163.TWO
亞信	3169	3169.TWO
炎洲流通	3171	3171.TWO
基亞	3176	3176.TWO
公準	3178	3178.TWO
鑫龍騰	3188	3188.TWO
雲嘉南	3191	3191.TWO
佰研	3205	3205.TWO
志豐	3206	3206.TWO
耀勝	3207	3207.TWO
順達	3211	3211.TWO
茂訊	3213	3213.TWO
優群	3217	3217.TWO
大學光	3218	3218.TWO
倚強科	3219	3219.TWO
台嘉碩	3221	3221.TWO
三顧	3224	3224.TWO
龍鋒	3226	3226.TWO
原相	3227	3227.TWO
金麗科	3228	3228.TWO
錦明	3230	3230.TWO
昱捷	3232	3232.TWO
光環	3234	3234.TWO
千如	3236	3236.TWO
海灣	3252	3252.TWO
鑫創	3259	3259.TWO
威剛	3260	3260.TWO
欣銓	3264	3264.TWO
台星科	3265	3265.TWO
海德威	3268	3268.TWO
東碩	3272	3272.TWO
宇環	3276	3276.TWO
太普高	3284	3284.TWO
微端	3285	3285.TWO
廣寰科	3287	3287.TWO
點晶	3288	3288.TWO
宜特	3289	3289.TWO
東浦	3290	3290.TWO
鈊象	3293	3293.TWO
英濟	3294	3294.TWO
杭特	3297	3297.TWO
岱稜	3303	3303.TWO
鼎天	3306	3306.TWO
佳穎	3310	3310.TWO
斐成	3313	3313.TWO
尼克森	3317	3317.TWO
建舜電	3322	3322.TWO
加百裕	3323	3323.TWO
雙鴻	3324	3324.TWO
旭品	3325	3325.TWO
幸康	3332	3332.TWO
泰谷	3339	3339.TWO
寶德	3349	3349.TWO
律勝	3354	3354.TWO
臺慶科	3357	3357.TWO
尚立	3360	3360.TWO
先進光	3362	3362.TWO
上詮	3363	3363.TWO
典範	3372	3372.TWO
熱映	3373	3373.TWO
精材	3374	3374.TWO
彬台	3379	3379.TWO
崇越電	3388	3388.TWO
旭軟	3390	3390.TWO
漢科	3402	3402.TWO
台興	3426	3426.TWO
奇鈦科	3430	3430.TWO
哲固	3434	3434.TWO
類比科	3438	3438.TWO
聯一光電	3441	3441.TWO
利機	3444	3444.TWO
由田	3455	3455.TWO
進泰電子	3465	3465.TWO
德晉	3466	3466.TWO
台灣精材	3467	3467.TWO
安勤	3479	3479.TWO
力致	3483	3483.TWO
崧騰	3484	3484.TWO
森寶	3489	3489.TWO
單井	3490	3490.TWO
昇達科	3491	3491.TWO
長盛	3492	3492.TWO
陽程	3498	3498.TWO
環天科	3499	3499.TWO
位速	3508	3508.TWO
矽瑪	3511	3511.TWO
皇龍	3512	3512.TWO
亞帝歐	3516	3516.TWO
華盈	3520	3520.TWO
台鋼建設	3521	3521.TWO
御嵿	3522	3522.TWO
迎輝	3523	3523.TWO
凡甲	3526	3526.TWO
聚積	3527	3527.TWO
力旺	3529	3529.TWO
先益	3531	3531.TWO
堡達	3537	3537.TWO
曜越	3540	3540.TWO
西柏	3541	3541.TWO
宇峻	3546	3546.TWO
兆利	3548	3548.TWO
世禾	3551	3551.TWO
同致	3552	3552.TWO
博士旺	3555	3555.TWO
禾瑞亞	3556	3556.TWO
神準	3558	3558.TWO
其陽	3564	3564.TWO
逸昌	3567	3567.TWO
大塚	3570	3570.TWO
泓格	3577	3577.TWO
友威科	3580	3580.TWO
博磊	3581	3581.TWO
閎康	3587	3587.TWO
磐儀	3594	3594.TWO
映興	3597	3597.TWO
三一東林	3609	3609.TWO
鼎翰	3611	3611.TWO
安可	3615	3615.TWO
富晶通	3623	3623.TWO
光頡	3624	3624.TWO
西勝	3625	3625.TWO
盈正	3628	3628.TWO
地心引力	3629	3629.TWO
新鉅科	3630	3630.TWO
晟楠	3631	3631.TWO
研勤	3632	3632.TWO
艾恩特	3646	3646.TWO
鑫科	3663	3663.TWO
安瑞-KY	3664	3664.TWO
光耀	3666	3666.TWO
康聯訊	3672	3672.TWO
德微	3675	3675.TWO
家登	3680	3680.TWO
榮昌	3684	3684.TWO
元創精密	3685	3685.TWO
歐買尬	3687	3687.TWO
湧德	3689	3689.TWO
碩禾	3691	3691.TWO
營邦	3693	3693.TWO
漢磊	3707	3707.TWO
鑫聯大投控	3709	3709.TWO
連展投控	3710	3710.TWO
新晶投控	3713	3713.TWO
永日	4102	4102.TWO
東洋	4105	4105.TWO
邦特	4107	4107.TWO
加捷生醫	4109	4109.TWO
濟生	4111	4111.TWO
聯上	4113	4113.TWO
健喬	4114	4114.TWO
明基醫	4116	4116.TWO
友華	4120	4120.TWO
優盛	4121	4121.TWO
晟德	4123	4123.TWO
太醫	4126	4126.TWO
天良	4127	4127.TWO
中天	4128	4128.TWO
聯合	4129	4129.TWO
健亞	4130	4130.TWO
浩泰	4131	4131.TWO
曜亞	4138	4138.TWO
馬光-KY	4139	4139.TWO
中裕	4147	4147.TWO
鈺緯	4153	4153.TWO
樂威科-KY	4154	4154.TWO
太景*-KY	4157	4157.TWO
訊聯基因	4160	4160.TWO
聿新科	4161	4161.TWO
智擎	4162	4162.TWO
鐿鈦	4163	4163.TWO
友霖	4166	4166.TWO
松瑞藥	4167	4167.TWO
醣聯	4168	4168.TWO
瑞基	4171	4171.TWO
久裕	4173	4173.TWO
浩鼎	4174	4174.TWO
杏一	4175	4175.TWO
福永生技	4183	4183.TWO
安克	4188	4188.TWO
杏國	4192	4192.TWO
欣大健康	4198	4198.TWO
中華食	4205	4205.TWO
環泰	4207	4207.TWO
信立	4303	4303.TWO
勝昱	4304	4304.TWO
世坤	4305	4305.TWO
東隆興	4401	4401.TWO
郡都開發	4402	4402.TWO
新昕纖	4406	4406.TWO
飛寶企業	4413	4413.TWO
三圓	4416	4416.TWO
金洲	4417	4417.TWO
皇家美食	4419	4419.TWO
光明	4420	4420.TWO
耀億	4430	4430.TWO
銘旺實	4432	4432.TWO
興采	4433	4433.TWO
竣邦-KY	4442	4442.TWO
健信	4502	4502.TWO
金雨	4503	4503.TWO
崇友	4506	4506.TWO
高鋒	4510	4510.TWO
福裕	4513	4513.TWO
永彰	4523	4523.TWO
方方土霖	4527	4527.TWO
江興鍛	4528	4528.TWO
淳紳	4529	4529.TWO
宏易	4530	4530.TWO
協易機	4533	4533.TWO
慶騰	4534	4534.TWO
至興	4535	4535.TWO
大詠城	4538	4538.TWO
晟田	4541	4541.TWO
科嶠	4542	4542.TWO
萬在	4543	4543.TWO
桓達	4549	4549.TWO
長佳	4550	4550.TWO
橙的	4554	4554.TWO
旭然	4556	4556.TWO
寶緯	4558	4558.TWO
健椿	4561	4561.TWO
百德	4563	4563.TWO
科際精密	4568	4568.TWO
達航科技	4577	4577.TWO
捷流閥業	4580	4580.TWO
君帆	4584	4584.TWO
唐鋒	4609	4609.TWO
中美實	4702	4702.TWO
大恭	4706	4706.TWO
磐亞	4707	4707.TWO
永純	4711	4711.TWO
永捷	4714	4714.TWO
大立	4716	4716.TWO
美琪瑪	4721	4721.TWO
永昕	4726	4726.TWO
雙美	4728	4728.TWO
熒茂	4729	4729.TWO
豪展	4735	4735.TWO
泓瀚	4741	4741.TWO
合一	4743	4743.TWO
皇將	4744	4744.TWO
合富-KY	4745	4745.TWO
強生製藥	4747	4747.TWO
新應材	4749	4749.TWO
國碳科	4754	4754.TWO
勤凱科技	4760	4760.TWO
誠泰科技	4767	4767.TWO
晶呈科技	4768	4768.TWO
台特化	4772	4772.TWO
大略-KY	4804	4804.TWO
桂田文創	4806	4806.TWO
聯光通	4903	4903.TWO
台聯電	4905	4905.TWO
富宇	4907	4907.TWO
前鼎	4908	4908.TWO
新復興	4909	4909.TWO
德英	4911	4911.TWO
力士	4923	4923.TWO
欣厚-KY	4924	4924.TWO
新盛力	4931	4931.TWO
友輝	4933	4933.TWO
亞電	4939	4939.TWO
辣椒	4946	4946.TWO
金耘國際	4950	4950.TWO
精拓科	4951	4951.TWO
緯軟	4953	4953.TWO
譜瑞-KY	4966	4966.TWO
IET-KY	4971	4971.TWO
湯石照明	4972	4972.TWO
廣穎電通	4973	4973.TWO
亞泰	4974	4974.TWO
華星光	4979	4979.TWO
科誠	4987	4987.TWO
環宇-KY	4991	4991.TWO
晶達	4995	4995.TWO
榮剛	5009	5009.TWO
久陽	5011	5011.TWO
強新	5013	5013.TWO
建錩	5014	5014.TWO
華祺	5015	5015.TWO
松和	5016	5016.TWO
凱衛	5201	5201.TWO
力新	5202	5202.TWO
中茂	5205	5205.TWO
坤悅	5206	5206.TWO
新鼎	5209	5209.TWO
寶碩	5210	5210.TWO
蒙恬	5211	5211.TWO
凌網	5212	5212.TWO
亞昕	5213	5213.TWO
萬達光電	5220	5220.TWO
安力-KY	5223	5223.TWO
立凱-KY	5227	5227.TWO
鈺鎧	5228	5228.TWO
雷笛克光學	5230	5230.TWO
凌陽創新	5236	5236.TWO
智晶	5245	5245.TWO
天鉞電	5251	5251.TWO
智崴	5263	5263.TWO
笙科	5272	5272.TWO
信驊	5274	5274.TWO
達輝-KY	5276	5276.TWO
尚凡*	5278	5278.TWO
數字	5287	5287.TWO
宜鼎	5289	5289.TWO
邑昇	5291	5291.TWO
杰力	5299	5299.TWO
寶得利	5301	5301.TWO
太欣	5302	5302.TWO
系統電	5309	5309.TWO
天剛	5310	5310.TWO
寶島科	5312	5312.TWO
世紀*	5314	5314.TWO
光聯	5315	5315.TWO
美而快	5321	5321.TWO
士開	5324	5324.TWO
華容	5328	5328.TWO
建榮	5340	5340.TWO
立衛	5344	5344.TWO
馥鴻	5345	5345.TWO
世界	5347	5347.TWO
正能量智能	5348	5348.TWO
鈺創	5351	5351.TWO
台林	5353	5353.TWO
佳總	5355	5355.TWO
協益	5356	5356.TWO
力麗店	5364	5364.TWO
中光電	5371	5371.TWO
光譜	5381	5381.TWO
青雲	5386	5386.TWO
能率	5392	5392.TWO
慕康生醫	5398	5398.TWO
中菲	5403	5403.TWO
國眾	5410	5410.TWO
台半	5425	5425.TWO
振發	5426	5426.TWO
新門	5432	5432.TWO
東友	5438	5438.TWO
高技	5439	5439.TWO
均豪	5443	5443.TWO
南良	5450	5450.TWO
佶優	5452	5452.TWO
昇益	5455	5455.TWO
宣德	5457	5457.TWO
同協	5460	5460.TWO
霖宏	5464	5464.TWO
富驊	5465	5465.TWO
凱鈺	5468	5468.TWO
聰泰	5474	5474.TWO
德宏	5475	5475.TWO
智冠	5478	5478.TWO
新華	5481	5481.TWO
中美晶	5483	5483.TWO
通泰	5487	5487.TWO
松普	5488	5488.TWO
彩富	5489	5489.TWO
同亨	5490	5490.TWO
三聯	5493	5493.TWO
凱崴	5498	5498.TWO
永信建	5508	5508.TWO
德昌	5511	5511.TWO
力麒	5512	5512.TWO
三豐	5514	5514.TWO
雙喜	5516	5516.TWO
力泰	5520	5520.TWO
豐謙	5523	5523.TWO
鉅陞	5529	5529.TWO
龍巖	5530	5530.TWO
聖暉*	5536	5536.TWO
桓鼎-KY	5543	5543.TWO
久舜	5547	5547.TWO
安倉	5548	5548.TWO
台聯櫃	5601	5601.TWO
陸海	5603	5603.TWO
中連	5604	5604.TWO
中菲行	5609	5609.TWO
劍湖山	5701	5701.TWO
亞都麗緻	5703	5703.TWO
老爺知	5704	5704.TWO
致和證	5864	5864.TWO
台名	5878	5878.TWO
德記	5902	5902.TWO
全家	5903	5903.TWO
寶雅	5904	5904.TWO
南仁湖	5905	5905.TWO
宏遠證	6015	6015.TWO
康和證	6016	6016.TWO
大展證	6020	6020.TWO
美好證	6021	6021.TWO
元大期貨	6023	6023.TWO
福邦證	6026	6026.TWO
寬魚國際	6101	6101.TWO
合邦	6103	6103.TWO
創惟	6104	6104.TWO
亞元	6109	6109.TWO
光聚晶電	6111	6111.TWO
亞矽	6113	6113.TWO
久威	6114	6114.TWO
建達	6118	6118.TWO
新普	6121	6121.TWO
擎邦	6122	6122.TWO
上奇	6123	6123.TWO
業強	6124	6124.TWO
廣運	6125	6125.TWO
信音	6126	6126.TWO
九豪	6127	6127.TWO
普誠	6129	6129.TWO
上亞科技	6130	6130.TWO
萬旭	6134	6134.TWO
茂達	6138	6138.TWO
訊達電腦	6140	6140.TWO
振曜	6143	6143.TWO
得利影	6144	6144.TWO
耕興	6146	6146.TWO
頎邦	6147	6147.TWO
驊宏資	6148	6148.TWO
撼訊	6150	6150.TWO
晉倫	6151	6151.TWO
順發	6154	6154.TWO
松上	6156	6156.TWO
禾昌	6158	6158.TWO
欣技	6160	6160.TWO
捷波	6161	6161.TWO
華電網	6163	6163.TWO
久正	6167	6167.TWO
昱泉	6169	6169.TWO
統振	6170	6170.TWO
大城地產	6171	6171.TWO
信昌電	6173	6173.TWO
安碁	6174	6174.TWO
立敦	6175	6175.TWO
亞通	6179	6179.TWO
橘子	6180	6180.TWO
合晶	6182	6182.TWO
幃翔	6185	6185.TWO
新潤	6186	6186.TWO
萬潤	6187	6187.TWO
廣明	6188	6188.TWO
萬泰科	6190	6190.TWO
育富	6194	6194.TWO
詩肯	6195	6195.TWO
瑞築	6198	6198.TWO
天品	6199	6199.TWO
海韻電	6203	6203.TWO
艾華	6204	6204.TWO
雷科	6207	6207.TWO
日揚	6208	6208.TWO
慶生	6210	6210.TWO
理銘	6212	6212.TWO
中探針	6217	6217.TWO
豪勉	6218	6218.TWO
富旺	6219	6219.TWO
岳豐	6220	6220.TWO
晉泰	6221	6221.TWO
立軒	6222	6222.TWO
旺矽	6223	6223.TWO
茂綸	6227	6227.TWO
全譜	6228	6228.TWO
研通	6229	6229.TWO
系微	6231	6231.TWO
旺玖	6233	6233.TWO
高僑	6234	6234.TWO
中湛	6236	6236.TWO
驊訊	6237	6237.TWO
松崗	6240	6240.TWO
鑫永洋	6241	6241.TWO
立康	6242	6242.TWO
茂迪	6244	6244.TWO
立端	6245	6245.TWO
臺龍	6246	6246.TWO
沛波	6248	6248.TWO
百徽	6259	6259.TWO
久元	6261	6261.TWO
普萊德	6263	6263.TWO
富裔	6264	6264.TWO
方土昶	6265	6265.TWO
泰詠	6266	6266.TWO
倍微	6270	6270.TWO
台燿	6274	6274.TWO
元山	6275	6275.TWO
安鈦克	6276	6276.TWO
胡連	6279	6279.TWO
佳邦	6284	6284.TWO
良維	6290	6290.TWO
沛亨	6291	6291.TWO
迅德	6292	6292.TWO
智基	6294	6294.TWO
晶焱	6411	6411.TWO
韋僑	6417	6417.TWO
詠昇	6418	6418.TWO
京晨科	6419	6419.TWO
億而得	6423	6423.TWO
易發	6425	6425.TWO
今展科	6432	6432.TWO
大中	6435	6435.TWO
廣錠	6441	6441.TWO
益得	6461	6461.TWO
神盾	6462	6462.TWO
威潤	6465	6465.TWO
大樹	6469	6469.TWO
宇智	6470	6470.TWO
華豫寧	6474	6474.TWO
弘煜科	6482	6482.TWO
點序	6485	6485.TWO
互動	6486	6486.TWO
環球晶	6488	6488.TWO
生華科	6492	6492.TWO
九齊	6494	6494.TWO
科懋	6496	6496.TWO
久禾光	6498	6498.TWO
益安	6499	6499.TWO
雙邦	6506	6506.TWO
惠光	6508	6508.TWO
聚和	6509	6509.TWO
精測	6510	6510.TWO
啟發電	6512	6512.TWO
勤崴國際	6516	6516.TWO
保勝光學	6517	6517.TWO
達爾膚	6523	6523.TWO
明達醫	6527	6527.TWO
創威	6530	6530.TWO
瑞耘	6532	6532.TWO
順藥	6535	6535.TWO
倉和	6538	6538.TWO
隆中	6542	6542.TWO
正基	6546	6546.TWO
高端疫苗	6547	6547.TWO
長科*	6548	6548.TWO
勝品	6556	6556.TWO
欣普羅	6560	6560.TWO
是方	6561	6561.TWO
宏觀	6568	6568.TWO
醫揚	6569	6569.TWO
維田	6570	6570.TWO
霈方	6574	6574.TWO
逸達	6576	6576.TWO
勁豐	6577	6577.TWO
達邦蛋白	6578	6578.TWO
南俊國際	6584	6584.TWO
東典光電	6588	6588.TWO
普鴻	6590	6590.TWO
台灣銘板	6593	6593.TWO
寬宏藝術	6596	6596.TWO
立誠	6597	6597.TWO
富強鑫	6603	6603.TWO
瀧澤科	6609	6609.TWO
奈米醫材	6612	6612.TWO
朋億*	6613	6613.TWO
慧智	6615	6615.TWO
特昇-KY	6616	6616.TWO
共信-KY	6617	6617.TWO
漢達	6620	6620.TWO
萬年清	6624	6624.TWO
泰金-KY	6629	6629.TWO
醫影	6637	6637.TWO
均華	6640	6640.TWO
富致	6642	6642.TWO
M31	6643	6643.TWO
台生材	6649	6649.TWO
全宇昕	6651	6651.TWO
天正國際	6654	6654.TWO
威健生技	6661	6661.TWO
樂斯科	6662	6662.TWO
群翊	6664	6664.TWO
信紘科	6667	6667.TWO
鈺太	6679	6679.TWO
鑫創電子	6680	6680.TWO
雍智科技	6683	6683.TWO
安格	6684	6684.TWO
安碁資訊	6690	6690.TWO
進能服	6692	6692.TWO
廣閎科	6693	6693.TWO
東捷資訊	6697	6697.TWO
軒郁	6703	6703.TWO
天擎	6708	6708.TWO
長聖	6712	6712.TWO
應廣	6716	6716.TWO
久昌	6720	6720.TWO
信實	6721	6721.TWO
矽科宏晟	6725	6725.TWO
亞泰金屬	6727	6727.TWO
上洋	6728	6728.TWO
常廣	6730	6730.TWO
昇佳電子	6732	6732.TWO
博晟生醫	6733	6733.TWO
美達科技	6735	6735.TWO
竹陞科技	6739	6739.TWO
91APP*-KY	6741	6741.TWO
智聯服務	6751	6751.TWO
叡揚	6752	6752.TWO
穩得	6761	6761.TWO
達亞	6762	6762.TWO
綠界科技*	6763	6763.TWO
台微醫	6767	6767.TWO
昱展新藥	6785	6785.TWO
華景電	6788	6788.TWO
虎門科技	6791	6791.TWO
崑鼎	6803	6803.TWO
明係	6804	6804.TWO
宏碁資訊	6811	6811.TWO
聯寶	6821	6821.TWO
濾能	6823	6823.TWO
千附精密	6829	6829.TWO
東研信超	6840	6840.TWO
長佳智能	6841	6841.TWO
進典	6843	6843.TWO
諾貝兒	6844	6844.TWO
綠茵	6846	6846.TWO
數泓科	6855	6855.TWO
鑫傳	6856	6856.TWO
伯特光	6859	6859.TWO
偉康科技	6865	6865.TWO
騰雲	6870	6870.TWO
浩宇生醫	6872	6872.TWO
倍力	6874	6874.TWO
國邑*	6875	6875.TWO
鏵友益	6877	6877.TWO
潤德	6881	6881.TWO
海柏特	6884	6884.TWO
衛司特	6894	6894.TWO
宏碩系統	6895	6895.TWO
創為精密	6899	6899.TWO
巨漢	6903	6903.TWO
伯鑫	6904	6904.TWO
雅特力-KY	6907	6907.TWO
德鴻	6910	6910.TWO
鴻呈	6913	6913.TWO
宸曜	6922	6922.TWO
意藍	6925	6925.TWO
佑全	6929	6929.TWO
家碩	6953	6953.TWO
旅天下	6961	6961.TWO
汎瑋材料	6967	6967.TWO
萬達寵物	6968	6968.TWO
惠民實業	6971	6971.TWO
大井泵浦	6982	6982.TWO
力領科技	6996	6996.TWO
博弘	6997	6997.TWO
邑錡	7402	7402.TWO
碩網	7547	7547.TWO
意德士科技	7556	7556.TWO
樂意	7584	7584.TWO
昶瑞機電	7642	7642.TWO
銳澤	7703	7703.TWO
明遠精密	7704	7704.TWO
全家餐飲	7708	7708.TWO
榮田	7709	7709.TWO
博盛半導體	7712	7712.TWO
威力德生醫	7713	7713.TWO
創泓科技	7714	7714.TWO
裕山	7715	7715.TWO
昱臺國際	7716	7716.TWO
萊德光電-KY	7717	7717.TWO
友鋮	7718	7718.TWO
築間	7723	7723.TWO
光焱科技	7728	7728.TWO
印能科技	7734	7734.TWO
東聯互動	7738	7738.TWO
金利食安	7743	7743.TWO
崴寶	7744	7744.TWO
昕奇雲端	7747	7747.TWO
竑騰	7751	7751.TWO
星亞	7753	7753.TWO
金色三麥	7757	7757.TWO
仁大資訊	7767	7767.TWO
君曜	7770	7770.TWO
能率亞洲	7777	7777.TWO
光速火箭	7782	7782.TWO
安葆	7792	7792.TWO
威聯通	7805	7805.TWO
捷創科技	7810	7810.TWO
佑華	8024	8024.TWO
鈦昇	8027	8027.TWO
光菱	8032	8032.TWO
榮群	8034	8034.TWO
長園科	8038	8038.TWO
九暘	8040	8040.TWO
金山電	8042	8042.TWO
蜜望實	8043	8043.TWO
網家	8044	8044.TWO
星雲	8047	8047.TWO
德勝	8048	8048.TWO
晶采	8049	8049.TWO
廣積	8050	8050.TWO
安國	8054	8054.TWO
凱碩	8059	8059.TWO
東捷	8064	8064.TWO
來思達	8066	8066.TWO
志旭	8067	8067.TWO
全達	8068	8068.TWO
元太	8069	8069.TWO
能率網通	8071	8071.TWO
鉅橡	8074	8074.TWO
伍豐	8076	8076.TWO
洛碁	8077	8077.TWO
泰霖	8080	8080.TWO
瑞穎	8083	8083.TWO
巨虹	8084	8084.TWO
福華	8085	8085.TWO
宏捷科	8086	8086.TWO
麗升能源	8087	8087.TWO
品安	8088	8088.TWO
康全電訊	8089	8089.TWO
翔名	8091	8091.TWO
建暐	8092	8092.TWO
保銳	8093	8093.TWO
擎亞	8096	8096.TWO
常珵	8097	8097.TWO
大世科	8099	8099.TWO
傑霖科技	8102	8102.TWO
大億金茂	8107	8107.TWO
博大	8109	8109.TWO
立碁	8111	8111.TWO
越峰	8121	8121.TWO
正淩	8147	8147.TWO
博智	8155	8155.TWO
天宇	8171	8171.TWO
智捷	8176	8176.TWO
加高	8182	8182.TWO
精星	8183	8183.TWO
巨有科技	8227	8227.TWO
新漢	8234	8234.TWO
華宏	8240	8240.TWO
朋程	8255	8255.TWO
全景軟體	8272	8272.TWO
商丞	8277	8277.TWO
生展	8279	8279.TWO
三竹	8284	8284.TWO
泰藝	8289	8289.TWO
尚茂	8291	8291.TWO
群聯	8299	8299.TWO
益張	8342	8342.TWO
恒耀國際	8349	8349.TWO
冠好	8354	8354.TWO
金居	8358	8358.TWO
千附	8383	8383.TWO
金益鼎	8390	8390.TWO
白紗科	8401	8401.TWO
盛弘	8403	8403.TWO
商之器	8409	8409.TWO
森田	8410	8410.TWO
大國鋼	8415	8415.TWO
實威	8416	8416.TWO
旭源	8421	8421.TWO
保綠-KY	8423	8423.TWO
惠普	8424	8424.TWO
紅木-KY	8426	8426.TWO
匯鑽科	8431	8431.TWO
東生華	8432	8432.TWO
弘帆	8433	8433.TWO
鉅邁	8435	8435.TWO
大江	8436	8436.TWO
大地-KY	8437	8437.TWO
綠電	8440	8440.TWO
綠河-KY	8444	8444.TWO
華研	8446	8446.TWO
霹靂	8450	8450.TWO
大拓-KY	8455	8455.TWO
夠麻吉	8472	8472.TWO
創業家	8477	8477.TWO
三貝德	8489	8489.TWO
裕國	8905	8905.TWO
花王	8906	8906.TWO
欣雄	8908	8908.TWO
光隆	8916	8916.TWO
欣泰	8917	8917.TWO
沈氏	8921	8921.TWO
時報	8923	8923.TWO
大田	8924	8924.TWO
北基	8927	8927.TWO
鉅明	8928	8928.TWO
富堡	8929	8929.TWO
青鋼	8930	8930.TWO
大汽電	8931	8931.TWO
智通*	8932	8932.TWO
愛地雅	8933	8933.TWO
邦泰	8935	8935.TWO
國統	8936	8936.TWO
合騏	8937	8937.TWO
明安	8938	8938.TWO
關中	8941	8941.TWO
森鉅	8942	8942.TWO
琉園	9949	9949.TWO
萬國通	9950	9950.TWO
皇田	9951	9951.TWO
邁達康	9960	9960.TWO
